{"cameraMode":{"drawMode":0,"name":"Shaded","section":"Shading Mode"},"sceneLighting":false,"audioPlay":false,"sceneViewState":{"showFog":true,"showMaterialUpdate":true,"showSkybox":false,"showFlares":true,"showImageEffects":true,"showParticleSystems":true},"in2DMode":false,"pivot":{"x":6.126516342163086,"y":0.15143179893493653,"z":-1.9129955768585206},"rotation":{"x":-0.2802394926548004,"y":-0.4302637577056885,"z":0.1424940675497055,"w":-0.8461885452270508},"size":4.5726141929626469,"orthographic":false}